《拉布雷亚 第二季》,https://www.dy2018.com/i/106441.html
《使女的故事 第五季》,https://www.dy2018.com/i/106334.html
《驻院医生 第六季》,https://www.dy2018.com/i/106386.html
《良医 第六季》,https://www.dy2018.com/i/106502.html
《紧急呼救 第六季》,https://www.dy2018.com/i/106376.html
《时空怪客》,https://www.dy2018.com/i/106377.html
《万物生灵 第三季》,https://www.dy2018.com/i/106415.html
《行尸走肉 第十一季》,https://www.dy2018.com/i/104077.html
《血宝藏 第二季》,https://www.dy2018.com/i/105975.html
《海豹突击队 第六季》,https://www.dy2018.com/i/106365.html
《龙之家族》,https://www.dy2018.com/i/106193.html
《小谢尔顿 第六季》,https://www.dy2018.com/i/106460.html
《美国舞男》,https://www.dy2018.com/i/106343.html
《外星居民 第二季》,https://www.dy2018.com/i/104966.html
《傲骨之战 第六季》,https://www.dy2018.com/i/106310.html
《看见 第三季》,https://www.dy2018.com/i/106213.html
《指环王：力量之戒 第一季》,https://www.dy2018.com/i/106254.html
《君主 第一季》,https://www.dy2018.com/i/106342.html
《女浩克》,https://www.dy2018.com/i/106172.html
《天空市凶案 第三季》,https://www.dy2018.com/i/106394.html
《安多 第一季》,https://www.dy2018.com/i/106387.html
《怪物：杰夫瑞·达莫的故事》,https://www.dy2018.com/i/106405.html
《逐星女 第三季》,https://www.dy2018.com/i/106269.html
《魔法俏佳人 第二季》,https://www.dy2018.com/i/106359.html
《真相捕捉 第二季》,https://www.dy2018.com/i/106373.html
《魔法俏佳人 第一季》,https://www.dy2018.com/i/106367.html
《医院五日》,https://www.dy2018.com/i/106154.html
《行尸传说》,https://www.dy2018.com/i/106150.html
《眼镜蛇 第五季》,https://www.dy2018.com/i/106317.html
《美国恐怖故事集 第二季》,https://www.dy2018.com/i/105986.html
《合伙人之路》,https://www.dy2018.com/i/106279.html
《浮出水面》,https://www.dy2018.com/i/106194.html
《尝试 第三季》,https://www.dy2018.com/i/105998.html
《野兽家族 第六季》,https://www.dy2018.com/i/105767.html
《红粉联盟》,https://www.dy2018.com/i/106208.html
《彩排 第一季》,https://www.dy2018.com/i/106149.html
《女巫前线：塞勒姆要塞 第三季》,https://www.dy2018.com/i/105760.html
《公寓大楼里的谋杀案 第二季》,https://www.dy2018.com/i/105803.html
《双胞回声》,https://www.dy2018.com/i/106188.html
《睡魔》,https://www.dy2018.com/i/106086.html
《风骚律师 第六季》,https://www.dy2018.com/i/105433.html
《邪恶 第三季》,https://www.dy2018.com/i/105700.html
《西部世界 第四季》,https://www.dy2018.com/i/105784.html
《为全人类 第三季》,https://www.dy2018.com/i/105695.html
《中年失恋日记》,https://www.dy2018.com/i/106078.html
《月球天堂》,https://www.dy2018.com/i/105896.html
《黑鸟》,https://www.dy2018.com/i/105885.html
《奥维尔号 第三季》,https://www.dy2018.com/i/105650.html
《送报女孩》,https://www.dy2018.com/i/106032.html
