美食制作, 苟宋本苟, 我本以为手打大铁锅已经是我的极限了，直到我遇到了手打牛肉丸...., 黑龙江
手机游戏, 原神, 《原神》妮露角色PV——「曼舞流连」, 上海
日常, 探索吧芋圆, 好好同大家道个别吧，我要为小芋圆挣生活费去了, 广东
运动综合, 含亮老师, 【赵文卓踢刀】我真的劝了卓哥好久才勉强答应我说：那这次就不放剑气了吧！, 甘肃
健身, 丹尼斯deniss, 也许 这就是命, 浙江
电子竞技, 联盟抗压王, 四视角看LBL撞车GNR，众神之战爆发，战歌接连响起，年度最强组排！, 河南
影视剪辑, MJ小林大人嗷, 哪个鬼才教你这么二创的？！DNA都给我创碎了！, 四川
美妆护肤, 化妆小天才肖遥, 坚持热爱1万小时，就是普通人的逆袭捷径, 江苏
明星综合, TF家族, 【TF家族练习生】10月路演《秋天的声音》全纪录, 重庆
搞笑, -欣小萌-, 第一次去鬼畜区up家，一不小心露出鸡脚......, 上海
电子竞技, 弱尼金手, 守望先锋就是要笑着玩，OW2检测微笑开枪程序, 山东
出行, 他叫阿园, 超市里3块钱一袋的东西，有人用命来捡, 浙江
搞笑, 中国BOY超级大猩猩, 当我找了一堆up主重考科目二，公布成绩的时候我傻眼了…, 上海
田园美食, 华农兄弟, 华农兄弟：国庆长假，陆陆续续的人来玩，宰鹅宰猪招待一下, 江西
日常, 在奔跑的外卖小哥, 来B站几个月了，总播放1478万，看看收益有多少？, 广东
喵星人, 一颗冰栗子, 出差回家发现三只猫都中毒了！连夜送去抢救才活下来 到底谁干的？, 河北
绘画, 壁画师-佳佳, 贫穷限制了我的想象, 江苏
电子竞技, 布锅锅, 我打了10000局排位，只为这一局的胜利！！, 上海
手办·模玩, 青柳尊哉, 【青柳尊哉】好久没有这么热血沸腾了！让我亲自来玩玩DX暗黑泽塔升华器吧！, 日本
电子竞技, 银河电竞, 【电竞星快报】别骂了别骂了...入围赛？超难打的好吗！（第四季33期）, 广东
美食制作, 苟宋本苟, 我本以为手打大铁锅已经是我的极限了，直到我遇到了手打牛肉丸...., 黑龙江
手机游戏, 原神, 《原神》妮露角色PV——「曼舞流连」, 上海
日常, 探索吧芋圆, 好好同大家道个别吧，我要为小芋圆挣生活费去了, 广东
运动综合, 含亮老师, 【赵文卓踢刀】我真的劝了卓哥好久才勉强答应我说：那这次就不放剑气了吧！, 甘肃
健身, 丹尼斯deniss, 也许 这就是命, 浙江
电子竞技, 联盟抗压王, 四视角看LBL撞车GNR，众神之战爆发，战歌接连响起，年度最强组排！, 河南
影视剪辑, MJ小林大人嗷, 哪个鬼才教你这么二创的？！DNA都给我创碎了！, 四川
美妆护肤, 化妆小天才肖遥, 坚持热爱1万小时，就是普通人的逆袭捷径, 江苏
明星综合, TF家族, 【TF家族练习生】10月路演《秋天的声音》全纪录, 重庆
搞笑, -欣小萌-, 第一次去鬼畜区up家，一不小心露出鸡脚......, 上海
电子竞技, 弱尼金手, 守望先锋就是要笑着玩，OW2检测微笑开枪程序, 山东
出行, 他叫阿园, 超市里3块钱一袋的东西，有人用命来捡, 浙江
搞笑, 中国BOY超级大猩猩, 当我找了一堆up主重考科目二，公布成绩的时候我傻眼了…, 上海
田园美食, 华农兄弟, 华农兄弟：国庆长假，陆陆续续的人来玩，宰鹅宰猪招待一下, 江西
日常, 在奔跑的外卖小哥, 来B站几个月了，总播放1478万，看看收益有多少？, 广东
喵星人, 一颗冰栗子, 出差回家发现三只猫都中毒了！连夜送去抢救才活下来 到底谁干的？, 河北
绘画, 壁画师-佳佳, 贫穷限制了我的想象, 江苏
电子竞技, 布锅锅, 我打了10000局排位，只为这一局的胜利！！, 上海
手办·模玩, 青柳尊哉, 【青柳尊哉】好久没有这么热血沸腾了！让我亲自来玩玩DX暗黑泽塔升华器吧！, 日本
电子竞技, 银河电竞, 【电竞星快报】别骂了别骂了...入围赛？超难打的好吗！（第四季33期）, 广东
